"year","race","south","ed","mu","dimension"
"1971","1","all","all",0.418949001615218,"anxiety"
"1973","1","all","all",0.452778404032009,"anxiety"
"1974","1","all","all",0.45390830474872,"anxiety"
"1975","1","all","all",0.459084824531736,"anxiety"
"1976","1","all","all",0.451228098607123,"anxiety"
"1977","1","all","all",0.49578788403814,"anxiety"
"1978","1","all","all",0.443279297941769,"anxiety"
"1979","1","all","all",0.45438393338839,"anxiety"
"1980","1","all","all",0.485171862992995,"anxiety"
"1981","1","all","all",0.527014282745068,"anxiety"
"1982","1","all","all",0.536329596425591,"anxiety"
"1983","1","all","all",0.473042250839579,"anxiety"
"1984","1","all","all",0.4077286550033,"anxiety"
"1985","1","all","all",0.431121258659295,"anxiety"
"1986","1","all","all",0.435851502168527,"anxiety"
"1987","1","all","all",0.433006164518767,"anxiety"
"1988","1","all","all",0.46465600059625,"anxiety"
"1989","1","all","all",0.522524320122625,"anxiety"
"1990","1","all","all",0.461300663783554,"anxiety"
"1991","1","all","all",0.438189338804183,"anxiety"
"1992","1","all","all",0.501007173519223,"anxiety"
"1993","1","all","all",0.481876446778925,"anxiety"
"1994","1","all","all",0.544979705643509,"anxiety"
"1995","1","all","all",0.497434477986948,"anxiety"
"1996","1","all","all",0.47600799563666,"anxiety"
"1997","1","all","all",0.433297796136003,"anxiety"
"1998","1","all","all",0.423680407071796,"anxiety"
"2000","1","all","all",0.423636153033293,"anxiety"
"2002","1","all","all",0.400305556132101,"anxiety"
"2004","1","all","all",0.414472699014895,"anxiety"
"2006","1","all","all",0.444965038127344,"anxiety"
"2008","1","all","all",0.425754978469252,"anxiety"
"2010","1","all","all",0.389611776629447,"anxiety"
"2012","1","all","all",0.334722474590909,"anxiety"
"2014","1","all","all",0.386340251431349,"anxiety"
"all","1","all","all",0.450242100587678,"anxiety"
"1971","2","all","all",0.499496308152139,"anxiety"
"1973","2","all","all",0.586014554598004,"anxiety"
"1974","2","all","all",0.627711757541691,"anxiety"
"1975","2","all","all",0.59289350201431,"anxiety"
"1976","2","all","all",0.573069780167103,"anxiety"
"1977","2","all","all",0.607030520043159,"anxiety"
"1978","2","all","all",0.618957515442842,"anxiety"
"1979","2","all","all",0.672283875535432,"anxiety"
"1980","2","all","all",0.69427011991619,"anxiety"
"1981","2","all","all",0.716294338320335,"anxiety"
"1982","2","all","all",0.67738167064373,"anxiety"
"1983","2","all","all",0.670359023957131,"anxiety"
"1984","2","all","all",0.564069403443117,"anxiety"
"1985","2","all","all",0.595249568003933,"anxiety"
"1986","2","all","all",0.60280337891092,"anxiety"
"1987","2","all","all",0.591203022950938,"anxiety"
"1988","2","all","all",0.644799975257645,"anxiety"
"1989","2","all","all",0.715066414279855,"anxiety"
"1990","2","all","all",0.635109745599994,"anxiety"
"1991","2","all","all",0.645597084461509,"anxiety"
"1992","2","all","all",0.678140406623282,"anxiety"
"1993","2","all","all",0.658001696424121,"anxiety"
"1994","2","all","all",0.709074799731763,"anxiety"
"1995","2","all","all",0.677106065707068,"anxiety"
"1996","2","all","all",0.635502869737739,"anxiety"
"1997","2","all","all",0.640829270747733,"anxiety"
"1998","2","all","all",0.656942528982156,"anxiety"
"2000","2","all","all",0.627464729755392,"anxiety"
"2002","2","all","all",0.606503955681304,"anxiety"
"2004","2","all","all",0.64544414830436,"anxiety"
"2006","2","all","all",0.640621214228516,"anxiety"
"2008","2","all","all",0.675178507949804,"anxiety"
"2010","2","all","all",0.579607125935276,"anxiety"
"2012","2","all","all",0.588714799520105,"anxiety"
"2014","2","all","all",0.602605204249729,"anxiety"
"all","2","all","all",0.634254290813904,"anxiety"
"1971","3","all","all",0.471100990176809,"anxiety"
"1973","3","all","all",0.546601765487862,"anxiety"
"1974","3","all","all",0.543026165444265,"anxiety"
"1975","3","all","all",0.548815537062562,"anxiety"
"1976","3","all","all",0.527357186330041,"anxiety"
"1977","3","all","all",0.567170858924956,"anxiety"
"1978","3","all","all",0.527998668227014,"anxiety"
"1979","3","all","all",0.567484602680805,"anxiety"
"1980","3","all","all",0.600293140072079,"anxiety"
"1981","3","all","all",0.624460929891984,"anxiety"
"1982","3","all","all",0.608864758388943,"anxiety"
"1983","3","all","all",0.572365960667091,"anxiety"
"1984","3","all","all",0.481272136016425,"anxiety"
"1985","3","all","all",0.518795181943739,"anxiety"
"1986","3","all","all",0.521486391447873,"anxiety"
"1987","3","all","all",0.529075875004142,"anxiety"
"1988","3","all","all",0.565207919931669,"anxiety"
"1989","3","all","all",0.598443522703133,"anxiety"
"1990","3","all","all",0.574198313975849,"anxiety"
"1991","3","all","all",0.571156972006799,"anxiety"
"1992","3","all","all",0.603991446471173,"anxiety"
"1993","3","all","all",0.597154728724412,"anxiety"
"1994","3","all","all",0.653888433472917,"anxiety"
"1995","3","all","all",0.601871975853738,"anxiety"
"1996","3","all","all",0.563776940602511,"anxiety"
"1997","3","all","all",0.549983476767019,"anxiety"
"1998","3","all","all",0.555364684845957,"anxiety"
"2000","3","all","all",0.534696541073164,"anxiety"
"2002","3","all","all",0.509398614118649,"anxiety"
"2004","3","all","all",0.551115419108566,"anxiety"
"2006","3","all","all",0.540177778920471,"anxiety"
"2008","3","all","all",0.557678222260014,"anxiety"
"2010","3","all","all",0.489650987558536,"anxiety"
"2012","3","all","all",0.441170538297856,"anxiety"
"2014","3","all","all",0.47323929640379,"anxiety"
"all","3","all","all",0.543319524625844,"anxiety"
"1971","all","all","all",0.427908546611929,"anxiety"
"1973","all","all","all",0.467469327682166,"anxiety"
"1974","all","all","all",0.472696437818587,"anxiety"
"1975","all","all","all",0.473743987587127,"anxiety"
"1976","all","all","all",0.465158119732945,"anxiety"
"1977","all","all","all",0.508738596611338,"anxiety"
"1978","all","all","all",0.463193160708437,"anxiety"
"1979","all","all","all",0.479122955125893,"anxiety"
"1980","all","all","all",0.509733468358409,"anxiety"
"1981","all","all","all",0.549105345794184,"anxiety"
"1982","all","all","all",0.553710129576556,"anxiety"
"1983","all","all","all",0.497813469012465,"anxiety"
"1984","all","all","all",0.427662511316394,"anxiety"
"1985","all","all","all",0.452943111552555,"anxiety"
"1986","all","all","all",0.458328034102372,"anxiety"
"1987","all","all","all",0.455588794110025,"anxiety"
"1988","all","all","all",0.490201920167079,"anxiety"
"1989","all","all","all",0.548459928844457,"anxiety"
"1990","all","all","all",0.487897428396974,"anxiety"
"1991","all","all","all",0.470507545691237,"anxiety"
"1992","all","all","all",0.528662863939071,"anxiety"
"1993","all","all","all",0.510923780581792,"anxiety"
"1994","all","all","all",0.572806835132816,"anxiety"
"1995","all","all","all",0.526910091426732,"anxiety"
"1996","all","all","all",0.502359843441182,"anxiety"
"1997","all","all","all",0.46839997694328,"anxiety"
"1998","all","all","all",0.463819050582762,"anxiety"
"2000","all","all","all",0.459315786133855,"anxiety"
"2002","all","all","all",0.435270841488871,"anxiety"
"2004","all","all","all",0.455621943465589,"anxiety"
"2006","all","all","all",0.479487502476504,"anxiety"
"2008","all","all","all",0.470064598976465,"anxiety"
"2010","all","all","all",0.424051851019899,"anxiety"
"2012","all","all","all",0.378484851228602,"anxiety"
"2014","all","all","all",0.423802388554322,"anxiety"
"all","all","all","all",0.477156812128913,"anxiety"
"1971","1","TRUE","1",0.417216637796542,"anxiety"
"1973","1","TRUE","1",0.462913836012168,"anxiety"
"1974","1","TRUE","1",0.448615161734849,"anxiety"
"1975","1","TRUE","1",0.44263542903937,"anxiety"
"1976","1","TRUE","1",0.439417495979845,"anxiety"
"1977","1","TRUE","1",0.467023102801903,"anxiety"
"1978","1","TRUE","1",0.45610413582412,"anxiety"
"1979","1","TRUE","1",0.440675795308503,"anxiety"
"1980","1","TRUE","1",0.500654379309797,"anxiety"
"1981","1","TRUE","1",0.525913575440272,"anxiety"
"1982","1","TRUE","1",0.529915431394049,"anxiety"
"1983","1","TRUE","1",0.455275689102093,"anxiety"
"1984","1","TRUE","1",0.471444552308683,"anxiety"
"1985","1","TRUE","1",0.451422293516169,"anxiety"
"1986","1","TRUE","1",0.462052095061872,"anxiety"
"1987","1","TRUE","1",0.487259844456671,"anxiety"
"1988","1","TRUE","1",0.47614319535179,"anxiety"
"1989","1","TRUE","1",0.535264712298133,"anxiety"
"1990","1","TRUE","1",0.464579069828373,"anxiety"
"1991","1","TRUE","1",0.507191813584603,"anxiety"
"1992","1","TRUE","1",0.507736974713058,"anxiety"
"1993","1","TRUE","1",0.511508576123986,"anxiety"
"1994","1","TRUE","1",0.535719024085946,"anxiety"
"1995","1","TRUE","1",0.485293569599158,"anxiety"
"1996","1","TRUE","1",0.490645749509383,"anxiety"
"1997","1","TRUE","1",0.430447164139166,"anxiety"
"1998","1","TRUE","1",0.474097738616389,"anxiety"
"2000","1","TRUE","1",0.46082554242285,"anxiety"
"2002","1","TRUE","1",0.391692380351831,"anxiety"
"2004","1","TRUE","1",0.45413051416688,"anxiety"
"2006","1","TRUE","1",0.490265377508076,"anxiety"
"2008","1","TRUE","1",0.479642414212831,"anxiety"
"2010","1","TRUE","1",0.42554013027043,"anxiety"
"2012","1","TRUE","1",0.41127388707893,"anxiety"
"2014","1","TRUE","1",0.444562502458985,"anxiety"
"1971","1","FALSE","1",0.400244341057479,"anxiety"
"1973","1","FALSE","1",0.451646082747191,"anxiety"
"1974","1","FALSE","1",0.439012247106852,"anxiety"
"1975","1","FALSE","1",0.430729906650773,"anxiety"
"1976","1","FALSE","1",0.415295495637134,"anxiety"
"1977","1","FALSE","1",0.444486172615714,"anxiety"
"1978","1","FALSE","1",0.437516224905046,"anxiety"
"1979","1","FALSE","1",0.431137243106669,"anxiety"
"1980","1","FALSE","1",0.467779139086951,"anxiety"
"1981","1","FALSE","1",0.494428267183316,"anxiety"
"1982","1","FALSE","1",0.496782045808562,"anxiety"
"1983","1","FALSE","1",0.450904225727999,"anxiety"
"1984","1","FALSE","1",0.446738198815458,"anxiety"
"1985","1","FALSE","1",0.414480676875235,"anxiety"
"1986","1","FALSE","1",0.433596486280059,"anxiety"
"1987","1","FALSE","1",0.460212942441177,"anxiety"
"1988","1","FALSE","1",0.431006597464363,"anxiety"
"1989","1","FALSE","1",0.50472134313828,"anxiety"
"1990","1","FALSE","1",0.400897018037186,"anxiety"
"1991","1","FALSE","1",0.480491055528617,"anxiety"
"1992","1","FALSE","1",0.468213798096778,"anxiety"
"1993","1","FALSE","1",0.466632348364265,"anxiety"
"1994","1","FALSE","1",0.516988139616942,"anxiety"
"1995","1","FALSE","1",0.44191775031938,"anxiety"
"1996","1","FALSE","1",0.440868631930342,"anxiety"
"1997","1","FALSE","1",0.387770157729763,"anxiety"
"1998","1","FALSE","1",0.410612501621006,"anxiety"
"2000","1","FALSE","1",0.400428892665201,"anxiety"
"2002","1","FALSE","1",0.34553534166227,"anxiety"
"2004","1","FALSE","1",0.430901952548645,"anxiety"
"2006","1","FALSE","1",0.422721461495932,"anxiety"
"2008","1","FALSE","1",0.413916227052683,"anxiety"
"2010","1","FALSE","1",0.364819710885639,"anxiety"
"2012","1","FALSE","1",0.381106182711975,"anxiety"
"2014","1","FALSE","1",0.381804529828822,"anxiety"
"1971","1","TRUE","4",NA,"anxiety"
"1973","1","TRUE","4",0.429169528379874,"anxiety"
"1974","1","TRUE","4",0.429436801312542,"anxiety"
"1975","1","TRUE","4",0.423177461508488,"anxiety"
"1976","1","TRUE","4",0.432297192741838,"anxiety"
"1977","1","TRUE","4",0.470143264987321,"anxiety"
"1978","1","TRUE","4",0.396538040767583,"anxiety"
"1979","1","TRUE","4",0.382403656616731,"anxiety"
"1980","1","TRUE","4",0.478204437454368,"anxiety"
"1981","1","TRUE","4",0.535677053749645,"anxiety"
"1982","1","TRUE","4",0.510536906386105,"anxiety"
"1983","1","TRUE","4",0.421308567555788,"anxiety"
"1984","1","TRUE","4",0.355202946439394,"anxiety"
"1985","1","TRUE","4",0.410021692828913,"anxiety"
"1986","1","TRUE","4",0.377260708410048,"anxiety"
"1987","1","TRUE","4",0.382973143369161,"anxiety"
"1988","1","TRUE","4",0.462602512191748,"anxiety"
"1989","1","TRUE","4",0.537826743507034,"anxiety"
"1990","1","TRUE","4",0.472964103295673,"anxiety"
"1991","1","TRUE","4",0.399239191110451,"anxiety"
"1992","1","TRUE","4",0.421378270253197,"anxiety"
"1993","1","TRUE","4",0.542796666642663,"anxiety"
"1994","1","TRUE","4",0.497666715004753,"anxiety"
"1995","1","TRUE","4",0.511577892458365,"anxiety"
"1996","1","TRUE","4",0.432134328728066,"anxiety"
"1997","1","TRUE","4",0.452017732838473,"anxiety"
"1998","1","TRUE","4",0.388895477825358,"anxiety"
"2000","1","TRUE","4",0.373724163369999,"anxiety"
"2002","1","TRUE","4",0.336834110852127,"anxiety"
"2004","1","TRUE","4",0.352911120943528,"anxiety"
"2006","1","TRUE","4",0.424051189760854,"anxiety"
"2008","1","TRUE","4",0.358803428087538,"anxiety"
"2010","1","TRUE","4",0.351116248891554,"anxiety"
"2012","1","TRUE","4",0.252040547188806,"anxiety"
"2014","1","TRUE","4",0.385985609671389,"anxiety"
"1971","1","FALSE","4",NA,"anxiety"
"1973","1","FALSE","4",0.415852095290776,"anxiety"
"1974","1","FALSE","4",0.421306482982304,"anxiety"
"1975","1","FALSE","4",0.410594882672547,"anxiety"
"1976","1","FALSE","4",0.408782142033112,"anxiety"
"1977","1","FALSE","4",0.451581083583656,"anxiety"
"1978","1","FALSE","4",0.379907409789482,"anxiety"
"1979","1","FALSE","4",0.373964401118027,"anxiety"
"1980","1","FALSE","4",0.445983421168733,"anxiety"
"1981","1","FALSE","4",0.503609191667728,"anxiety"
"1982","1","FALSE","4",0.476596286024976,"anxiety"
"1983","1","FALSE","4",0.42264498620308,"anxiety"
"1984","1","FALSE","4",0.334212591065877,"anxiety"
"1985","1","FALSE","4",0.377446304887837,"anxiety"
"1986","1","FALSE","4",0.352794064928806,"anxiety"
"1987","1","FALSE","4",0.3602661070258,"anxiety"
"1988","1","FALSE","4",0.421850857194209,"anxiety"
"1989","1","FALSE","4",0.506242139846583,"anxiety"
"1990","1","FALSE","4",0.414457582654077,"anxiety"
"1991","1","FALSE","4",0.373057947521924,"anxiety"
"1992","1","FALSE","4",0.386455094481686,"anxiety"
"1993","1","FALSE","4",0.501954356541358,"anxiety"
"1994","1","FALSE","4",0.48267251318488,"anxiety"
"1995","1","FALSE","4",0.471748630830749,"anxiety"
"1996","1","FALSE","4",0.390488384174916,"anxiety"
"1997","1","FALSE","4",0.410302309886957,"anxiety"
"1998","1","FALSE","4",0.33103251221721,"anxiety"
"2000","1","FALSE","4",0.320686675345221,"anxiety"
"2002","1","FALSE","4",0.29494769505043,"anxiety"
"2004","1","FALSE","4",0.337085221460393,"anxiety"
"2006","1","FALSE","4",0.359036755462969,"anxiety"
"2008","1","FALSE","4",0.300183364125719,"anxiety"
"2010","1","FALSE","4",0.295811548274877,"anxiety"
"2012","1","FALSE","4",0.231406356831848,"anxiety"
"2014","1","FALSE","4",0.328959784391066,"anxiety"
"1971","2","all","1",0.480957648548345,"anxiety"
"1973","2","all","1",0.569044201957363,"anxiety"
"1974","2","all","1",0.639335056841974,"anxiety"
"1975","2","all","1",0.567248270934665,"anxiety"
"1976","2","all","1",0.581571313415079,"anxiety"
"1977","2","all","1",0.602340379459209,"anxiety"
"1978","2","all","1",0.609237305024674,"anxiety"
"1979","2","all","1",0.669969021234933,"anxiety"
"1980","2","all","1",0.716041682252832,"anxiety"
"1981","2","all","1",0.709920689300523,"anxiety"
"1982","2","all","1",0.639655319089711,"anxiety"
"1983","2","all","1",0.664060985282714,"anxiety"
"1984","2","all","1",0.531520412110434,"anxiety"
"1985","2","all","1",0.598137599416424,"anxiety"
"1986","2","all","1",0.620219309082464,"anxiety"
"1987","2","all","1",0.572230460571288,"anxiety"
"1988","2","all","1",0.637239101194487,"anxiety"
"1989","2","all","1",0.700081404090181,"anxiety"
"1990","2","all","1",0.640506977337042,"anxiety"
"1991","2","all","1",0.63002414094354,"anxiety"
"1992","2","all","1",0.63766544920435,"anxiety"
"1993","2","all","1",0.63848953830639,"anxiety"
"1994","2","all","1",0.716706063445014,"anxiety"
"1995","2","all","1",0.680552181061013,"anxiety"
"1996","2","all","1",0.600194609528767,"anxiety"
"1997","2","all","1",0.617744109403783,"anxiety"
"1998","2","all","1",0.628353339615038,"anxiety"
"2000","2","all","1",0.595797105053673,"anxiety"
"2002","2","all","1",0.564736625472559,"anxiety"
"2004","2","all","1",0.583429844349632,"anxiety"
"2006","2","all","1",0.613369155905384,"anxiety"
"2008","2","all","1",0.651294839658645,"anxiety"
"2010","2","all","1",0.51851682889934,"anxiety"
"2012","2","all","1",0.611654005385632,"anxiety"
"2014","2","all","1",0.58300722429472,"anxiety"
"1971","2","all","4",NA,"anxiety"
"1973","2","all","4",0.622759624720293,"anxiety"
"1974","2","all","4",0.628297896443499,"anxiety"
"1975","2","all","4",0.631089284308147,"anxiety"
"1976","2","all","4",0.601565893196965,"anxiety"
"1977","2","all","4",0.620858404768516,"anxiety"
"1978","2","all","4",0.590232304395819,"anxiety"
"1979","2","all","4",0.648663309976822,"anxiety"
"1980","2","all","4",0.652149421798779,"anxiety"
"1981","2","all","4",0.685652518175073,"anxiety"
"1982","2","all","4",0.702676726230062,"anxiety"
"1983","2","all","4",0.636071774046779,"anxiety"
"1984","2","all","4",0.583144152594158,"anxiety"
"1985","2","all","4",0.608553659908056,"anxiety"
"1986","2","all","4",0.603938933836833,"anxiety"
"1987","2","all","4",0.633448816414966,"anxiety"
"1988","2","all","4",0.617816570053506,"anxiety"
"1989","2","all","4",0.694913349082608,"anxiety"
"1990","2","all","4",0.608425992890578,"anxiety"
"1991","2","all","4",0.647051744570661,"anxiety"
"1992","2","all","4",0.663216286342538,"anxiety"
"1993","2","all","4",0.68563312561579,"anxiety"
"1994","2","all","4",0.702196868498325,"anxiety"
"1995","2","all","4",0.677857037422811,"anxiety"
"1996","2","all","4",0.63995311035781,"anxiety"
"1997","2","all","4",0.644828239802179,"anxiety"
"1998","2","all","4",0.702034434424633,"anxiety"
"2000","2","all","4",0.606755729102459,"anxiety"
"2002","2","all","4",0.53038356080691,"anxiety"
"2004","2","all","4",0.62674418128261,"anxiety"
"2006","2","all","4",0.636782079293554,"anxiety"
"2008","2","all","4",0.652126031993191,"anxiety"
"2010","2","all","4",0.608593353868768,"anxiety"
"2012","2","all","4",0.539620523306074,"anxiety"
"2014","2","all","4",0.60377412203324,"anxiety"
"1955","1","all","all",0.439141946822986,"punitive"
"1956","1","all","all",0.41027041333572,"punitive"
"1957","1","all","all",0.359713597431887,"punitive"
"1960","1","all","all",0.417850685593542,"punitive"
"1965","1","all","all",0.322087771295248,"punitive"
"1966","1","all","all",0.322010741457365,"punitive"
"1967","1","all","all",0.426818698033621,"punitive"
"1968","1","all","all",0.475082914147139,"punitive"
"1969","1","all","all",0.447847745757979,"punitive"
"1970","1","all","all",0.585859642365792,"punitive"
"1971","1","all","all",0.376735792216108,"punitive"
"1972","1","all","all",0.491036961797178,"punitive"
"1973","1","all","all",0.518781740911148,"punitive"
"1974","1","all","all",0.525483422994474,"punitive"
"1975","1","all","all",0.555222751658244,"punitive"
"1976","1","all","all",0.567365285404994,"punitive"
"1977","1","all","all",0.616640686032444,"punitive"
"1978","1","all","all",0.636359839001689,"punitive"
"1980","1","all","all",0.620048097209069,"punitive"
"1981","1","all","all",0.552843876658387,"punitive"
"1982","1","all","all",0.637982106595457,"punitive"
"1983","1","all","all",0.685225240431803,"punitive"
"1984","1","all","all",0.566441812209689,"punitive"
"1985","1","all","all",0.65917130918269,"punitive"
"1986","1","all","all",0.645678523379429,"punitive"
"1987","1","all","all",0.632369104703151,"punitive"
"1988","1","all","all",0.673297819531645,"punitive"
"1989","1","all","all",0.684837893872121,"punitive"
"1990","1","all","all",0.67431018227614,"punitive"
"1991","1","all","all",0.626020600119841,"punitive"
"1992","1","all","all",0.560760112850622,"punitive"
"1993","1","all","all",0.667999686156149,"punitive"
"1994","1","all","all",0.698817991198617,"punitive"
"1995","1","all","all",0.671714161942386,"punitive"
"1996","1","all","all",0.630117909168889,"punitive"
"1997","1","all","all",0.672650561473889,"punitive"
"1998","1","all","all",0.585700319398914,"punitive"
"1999","1","all","all",0.618546755691881,"punitive"
"2000","1","all","all",0.546891341071814,"punitive"
"2001","1","all","all",0.607340260954752,"punitive"
"2002","1","all","all",0.537002369308484,"punitive"
"2003","1","all","all",0.568618625759978,"punitive"
"2004","1","all","all",0.508625259960838,"punitive"
"2005","1","all","all",0.536114557002593,"punitive"
"2006","1","all","all",0.538198215000819,"punitive"
"2008","1","all","all",0.503201716321251,"punitive"
"2010","1","all","all",0.511331490904735,"punitive"
"2012","1","all","all",0.458391336983185,"punitive"
"2013","1","all","all",0.575109313039893,"punitive"
"2014","1","all","all",0.486418641378282,"punitive"
"all","1","all","all",0.560660735966891,"punitive"
"1955","2","all","all",0.333665278049556,"punitive"
"1956","2","all","all",0.315946731960402,"punitive"
"1957","2","all","all",0.269164655211093,"punitive"
"1960","2","all","all",0.279903044843979,"punitive"
"1965","2","all","all",0.198139668232211,"punitive"
"1966","2","all","all",0.159448885730224,"punitive"
"1967","2","all","all",0.27562550468328,"punitive"
"1968","2","all","all",0.265829575494213,"punitive"
"1969","2","all","all",0.319930418349848,"punitive"
"1970","2","all","all",0.317012290814377,"punitive"
"1971","2","all","all",0.198897654772895,"punitive"
"1972","2","all","all",0.261112099925466,"punitive"
"1973","2","all","all",0.321255940010472,"punitive"
"1974","2","all","all",0.347074025898909,"punitive"
"1975","2","all","all",0.328853861016775,"punitive"
"1976","2","all","all",0.339143809293343,"punitive"
"1977","2","all","all",0.433555564678001,"punitive"
"1978","2","all","all",0.442597092363578,"punitive"
"1980","2","all","all",0.40858624184686,"punitive"
"1981","2","all","all",0.348473063887292,"punitive"
"1982","2","all","all",0.417464212589918,"punitive"
"1983","2","all","all",0.443005459928538,"punitive"
"1984","2","all","all",0.365856665695658,"punitive"
"1985","2","all","all",0.464141673131352,"punitive"
"1986","2","all","all",0.434219905114295,"punitive"
"1987","2","all","all",0.395730136352298,"punitive"
"1988","2","all","all",0.433535540848769,"punitive"
"1989","2","all","all",0.538983331039562,"punitive"
"1990","2","all","all",0.461236695613757,"punitive"
"1991","2","all","all",0.421099654482439,"punitive"
"1992","2","all","all",0.404909885081629,"punitive"
"1993","2","all","all",0.468123984473531,"punitive"
"1994","2","all","all",0.475735184972113,"punitive"
"1995","2","all","all",0.41513458278867,"punitive"
"1996","2","all","all",0.437447793669098,"punitive"
"1997","2","all","all",0.478983498039812,"punitive"
"1998","2","all","all",0.406900741276853,"punitive"
"1999","2","all","all",0.400036318664603,"punitive"
"2000","2","all","all",0.342064520140295,"punitive"
"2001","2","all","all",0.369535046192412,"punitive"
"2002","2","all","all",0.323976247240901,"punitive"
"2003","2","all","all",0.322078037104918,"punitive"
"2004","2","all","all",0.278016161097226,"punitive"
"2005","2","all","all",0.291776176791848,"punitive"
"2006","2","all","all",0.300513641966283,"punitive"
"2008","2","all","all",0.323384304383199,"punitive"
"2010","2","all","all",0.299976147320254,"punitive"
"2012","2","all","all",0.304383756915973,"punitive"
"2013","2","all","all",0.341077458329431,"punitive"
"2014","2","all","all",0.307639602874988,"punitive"
"all","2","all","all",0.363138796204985,"punitive"
"1955","3","all","all",NA,"punitive"
"1956","3","all","all",NA,"punitive"
"1957","3","all","all",NA,"punitive"
"1960","3","all","all",0.371027885989897,"punitive"
"1965","3","all","all",0.239091561359565,"punitive"
"1966","3","all","all",0.259051787315842,"punitive"
"1967","3","all","all",0.356988963949973,"punitive"
"1968","3","all","all",0.415353617752119,"punitive"
"1969","3","all","all",0.410829859228127,"punitive"
"1970","3","all","all",0.507123414885294,"punitive"
"1971","3","all","all",0.31939219661298,"punitive"
"1972","3","all","all",0.383826985851239,"punitive"
"1973","3","all","all",0.415187643999729,"punitive"
"1974","3","all","all",0.428948532417369,"punitive"
"1975","3","all","all",0.474659002251683,"punitive"
"1976","3","all","all",0.503231069721107,"punitive"
"1977","3","all","all",0.549823606800258,"punitive"
"1978","3","all","all",0.530874570748233,"punitive"
"1980","3","all","all",0.523069802734283,"punitive"
"1981","3","all","all",0.464107175685692,"punitive"
"1982","3","all","all",0.552718871945443,"punitive"
"1983","3","all","all",0.585111909886837,"punitive"
"1984","3","all","all",0.496796037272607,"punitive"
"1985","3","all","all",0.565370460494883,"punitive"
"1986","3","all","all",0.579516330417598,"punitive"
"1987","3","all","all",0.544629902765766,"punitive"
"1988","3","all","all",0.55467255769864,"punitive"
"1989","3","all","all",0.608148039076178,"punitive"
"1990","3","all","all",0.596212755537051,"punitive"
"1991","3","all","all",0.535577245023196,"punitive"
"1992","3","all","all",0.51580941575059,"punitive"
"1993","3","all","all",0.589924943727536,"punitive"
"1994","3","all","all",0.624835962432946,"punitive"
"1995","3","all","all",0.562887658739536,"punitive"
"1996","3","all","all",0.556996638216293,"punitive"
"1997","3","all","all",0.617077123408592,"punitive"
"1998","3","all","all",0.521752188976824,"punitive"
"1999","3","all","all",0.532421615730231,"punitive"
"2000","3","all","all",0.493796967255413,"punitive"
"2001","3","all","all",0.542907300057733,"punitive"
"2002","3","all","all",0.464761649524825,"punitive"
"2003","3","all","all",0.449671456584522,"punitive"
"2004","3","all","all",0.469571774107991,"punitive"
"2005","3","all","all",0.438736856073159,"punitive"
"2006","3","all","all",0.432792018052196,"punitive"
"2008","3","all","all",0.410270893366279,"punitive"
"2010","3","all","all",0.419895001438163,"punitive"
"2012","3","all","all",0.40040235636583,"punitive"
"2013","3","all","all",0.471584665452347,"punitive"
"2014","3","all","all",0.445830680840777,"punitive"
"all","3","all","all",0.498184764620923,"punitive"
"1955","all","all","all",0.429553354222674,"punitive"
"1956","all","all","all",0.40142868953478,"punitive"
"1957","all","all","all",0.351586084402232,"punitive"
"1960","all","all","all",0.404992499528811,"punitive"
"1965","all","all","all",0.309536049839279,"punitive"
"1966","all","all","all",0.306212909023624,"punitive"
"1967","all","all","all",0.411762514792637,"punitive"
"1968","all","all","all",0.454323615853803,"punitive"
"1969","all","all","all",0.435112911615431,"punitive"
"1970","all","all","all",0.558871111958967,"punitive"
"1971","all","all","all",0.359294183828762,"punitive"
"1972","all","all","all",0.466719558488696,"punitive"
"1973","all","all","all",0.497528282066627,"punitive"
"1974","all","all","all",0.505845420227353,"punitive"
"1975","all","all","all",0.53196419142831,"punitive"
"1976","all","all","all",0.542776683298116,"punitive"
"1977","all","all","all",0.596528400705599,"punitive"
"1978","all","all","all",0.613918855008509,"punitive"
"1980","all","all","all",0.596354058992057,"punitive"
"1981","all","all","all",0.52866914392839,"punitive"
"1982","all","all","all",0.61168303142697,"punitive"
"1983","all","all","all",0.656816789927791,"punitive"
"1984","all","all","all",0.54215072464697,"punitive"
"1985","all","all","all",0.633734649008145,"punitive"
"1986","all","all","all",0.619458626939725,"punitive"
"1987","all","all","all",0.601863713842761,"punitive"
"1988","all","all","all",0.639998239752971,"punitive"
"1989","all","all","all",0.663935730999464,"punitive"
"1990","all","all","all",0.645563194680917,"punitive"
"1991","all","all","all",0.597073601547613,"punitive"
"1992","all","all","all",0.540006790505047,"punitive"
"1993","all","all","all",0.639339306463911,"punitive"
"1994","all","all","all",0.667505422696537,"punitive"
"1995","all","all","all",0.633031032975855,"punitive"
"1996","all","all","all",0.60147989550289,"punitive"
"1997","all","all","all",0.64530485998448,"punitive"
"1998","all","all","all",0.558846234700389,"punitive"
"1999","all","all","all",0.584464222860058,"punitive"
"2000","all","all","all",0.517710174302616,"punitive"
"2001","all","all","all",0.574896803297504,"punitive"
"2002","all","all","all",0.505759822423784,"punitive"
"2003","all","all","all",0.528305136766018,"punitive"
"2004","all","all","all",0.478392042112806,"punitive"
"2005","all","all","all",0.496996265661609,"punitive"
"2006","all","all","all",0.497538893033868,"punitive"
"2008","all","all","all",0.471612082251257,"punitive"
"2010","all","all","all",0.475322918833428,"punitive"
"2012","all","all","all",0.432653879180448,"punitive"
"2013","all","all","all",0.534224673708474,"punitive"
"2014","all","all","all",0.45941612885463,"punitive"
"all","all","all","all",0.535109577949736,"punitive"
"1955","1","TRUE","1",0.483942566704912,"punitive"
"1956","1","TRUE","1",0.363767469006129,"punitive"
"1957","1","TRUE","1",0.316695986275302,"punitive"
"1960","1","TRUE","1",0.413059942083736,"punitive"
"1965","1","TRUE","1",0.27807218765936,"punitive"
"1966","1","TRUE","1",0.282055085549959,"punitive"
"1967","1","TRUE","1",0.371070689204076,"punitive"
"1968","1","TRUE","1",0.530245982182122,"punitive"
"1969","1","TRUE","1",0.42665543481258,"punitive"
"1970","1","TRUE","1",0.65109657991635,"punitive"
"1971","1","TRUE","1",0.365885376632227,"punitive"
"1972","1","TRUE","1",0.513345033804561,"punitive"
"1973","1","TRUE","1",0.566046771475582,"punitive"
"1974","1","TRUE","1",0.580554138513709,"punitive"
"1975","1","TRUE","1",0.56090500030563,"punitive"
"1976","1","TRUE","1",0.588157870954096,"punitive"
"1977","1","TRUE","1",0.613747008727506,"punitive"
"1978","1","TRUE","1",0.590775231517686,"punitive"
"1980","1","TRUE","1",0.604156468441538,"punitive"
"1981","1","TRUE","1",0.53781281314055,"punitive"
"1982","1","TRUE","1",0.641591193009939,"punitive"
"1983","1","TRUE","1",0.648966548069971,"punitive"
"1984","1","TRUE","1",0.540671521742402,"punitive"
"1985","1","TRUE","1",0.639564062949509,"punitive"
"1986","1","TRUE","1",0.6254709126094,"punitive"
"1987","1","TRUE","1",0.600507510020213,"punitive"
"1988","1","TRUE","1",0.662680335849191,"punitive"
"1989","1","TRUE","1",0.697327639019121,"punitive"
"1990","1","TRUE","1",0.716223857346204,"punitive"
"1991","1","TRUE","1",0.650946190877477,"punitive"
"1992","1","TRUE","1",0.639002977222429,"punitive"
"1993","1","TRUE","1",0.676651691005606,"punitive"
"1994","1","TRUE","1",0.711469928023594,"punitive"
"1995","1","TRUE","1",0.660307544456768,"punitive"
"1996","1","TRUE","1",0.674233552693701,"punitive"
"1997","1","TRUE","1",0.679992564117403,"punitive"
"1998","1","TRUE","1",0.596870929161189,"punitive"
"1999","1","TRUE","1",0.678314803558897,"punitive"
"2000","1","TRUE","1",0.56015419265108,"punitive"
"2001","1","TRUE","1",0.614032159703883,"punitive"
"2002","1","TRUE","1",0.535235619894092,"punitive"
"2003","1","TRUE","1",0.601686280740487,"punitive"
"2004","1","TRUE","1",0.505270319353562,"punitive"
"2005","1","TRUE","1",0.522268645085354,"punitive"
"2006","1","TRUE","1",0.584121630233538,"punitive"
"2008","1","TRUE","1",0.523507882651926,"punitive"
"2010","1","TRUE","1",0.499825603169824,"punitive"
"2012","1","TRUE","1",0.45742665485622,"punitive"
"2013","1","TRUE","1",0.595501120918098,"punitive"
"2014","1","TRUE","1",0.501865089478506,"punitive"
"1955","1","FALSE","1",0.461199935691892,"punitive"
"1956","1","FALSE","1",0.392365600245014,"punitive"
"1957","1","FALSE","1",0.358172517974885,"punitive"
"1960","1","FALSE","1",0.418379737429309,"punitive"
"1965","1","FALSE","1",0.320942134921309,"punitive"
"1966","1","FALSE","1",0.337377378549636,"punitive"
"1967","1","FALSE","1",0.427131627387163,"punitive"
"1968","1","FALSE","1",0.491012717590711,"punitive"
"1969","1","FALSE","1",0.444176807905121,"punitive"
"1970","1","FALSE","1",0.568417003155077,"punitive"
"1971","1","FALSE","1",0.365706482119416,"punitive"
"1972","1","FALSE","1",0.514816115694128,"punitive"
"1973","1","FALSE","1",0.554628850178701,"punitive"
"1974","1","FALSE","1",0.526451635214085,"punitive"
"1975","1","FALSE","1",0.571261892595489,"punitive"
"1976","1","FALSE","1",0.56231618625998,"punitive"
"1977","1","FALSE","1",0.624860642750613,"punitive"
"1978","1","FALSE","1",0.596071112621467,"punitive"
"1980","1","FALSE","1",0.569766963132225,"punitive"
"1981","1","FALSE","1",0.537628225037554,"punitive"
"1982","1","FALSE","1",0.602304560595388,"punitive"
"1983","1","FALSE","1",0.645540749151524,"punitive"
"1984","1","FALSE","1",0.536443774081144,"punitive"
"1985","1","FALSE","1",0.625688057700227,"punitive"
"1986","1","FALSE","1",0.606914429467244,"punitive"
"1987","1","FALSE","1",0.595894610186107,"punitive"
"1988","1","FALSE","1",0.630918566647819,"punitive"
"1989","1","FALSE","1",0.656754437267179,"punitive"
"1990","1","FALSE","1",0.669214644548734,"punitive"
"1991","1","FALSE","1",0.613825562893649,"punitive"
"1992","1","FALSE","1",0.584916552933854,"punitive"
"1993","1","FALSE","1",0.609807910572152,"punitive"
"1994","1","FALSE","1",0.677887690260075,"punitive"
"1995","1","FALSE","1",0.60839908718147,"punitive"
"1996","1","FALSE","1",0.613538232819122,"punitive"
"1997","1","FALSE","1",0.623095565890588,"punitive"
"1998","1","FALSE","1",0.561639809393496,"punitive"
"1999","1","FALSE","1",0.628743210963912,"punitive"
"2000","1","FALSE","1",0.501131876550845,"punitive"
"2001","1","FALSE","1",0.57577063202233,"punitive"
"2002","1","FALSE","1",0.49178964296588,"punitive"
"2003","1","FALSE","1",0.54263161408596,"punitive"
"2004","1","FALSE","1",0.475077620410127,"punitive"
"2005","1","FALSE","1",0.462614304244227,"punitive"
"2006","1","FALSE","1",0.516770336889779,"punitive"
"2008","1","FALSE","1",0.438929559873158,"punitive"
"2010","1","FALSE","1",0.478267674759199,"punitive"
"2012","1","FALSE","1",0.406786965665966,"punitive"
"2013","1","FALSE","1",0.522474127627602,"punitive"
"2014","1","FALSE","1",0.437605452298446,"punitive"
"1955","1","TRUE","4",0.422179371251162,"punitive"
"1956","1","TRUE","4",0.501577397267775,"punitive"
"1957","1","TRUE","4",0.366490642652976,"punitive"
"1960","1","TRUE","4",0.399040916659181,"punitive"
"1965","1","TRUE","4",0.285162349304629,"punitive"
"1966","1","TRUE","4",0.269355015887111,"punitive"
"1967","1","TRUE","4",0.348387297021069,"punitive"
"1968","1","TRUE","4",0.41576005818972,"punitive"
"1969","1","TRUE","4",0.379287534023719,"punitive"
"1970","1","TRUE","4",0.593351091538705,"punitive"
"1971","1","TRUE","4",0.370037771785842,"punitive"
"1972","1","TRUE","4",0.423656759550381,"punitive"
"1973","1","TRUE","4",0.450516840172452,"punitive"
"1974","1","TRUE","4",0.509264306285362,"punitive"
"1975","1","TRUE","4",0.472697582055451,"punitive"
"1976","1","TRUE","4",0.535828892239311,"punitive"
"1977","1","TRUE","4",0.537171585400851,"punitive"
"1978","1","TRUE","4",0.559406550236511,"punitive"
"1980","1","TRUE","4",0.595371544292895,"punitive"
"1981","1","TRUE","4",0.503708054464107,"punitive"
"1982","1","TRUE","4",0.606848663497128,"punitive"
"1983","1","TRUE","4",0.641597785624135,"punitive"
"1984","1","TRUE","4",0.567232593459,"punitive"
"1985","1","TRUE","4",0.628624322304657,"punitive"
"1986","1","TRUE","4",0.596632414437352,"punitive"
"1987","1","TRUE","4",0.550496495247583,"punitive"
"1988","1","TRUE","4",0.631793097087886,"punitive"
"1989","1","TRUE","4",0.662468907441136,"punitive"
"1990","1","TRUE","4",0.635492386463482,"punitive"
"1991","1","TRUE","4",0.597076624750577,"punitive"
"1992","1","TRUE","4",0.524954541380257,"punitive"
"1993","1","TRUE","4",0.668468176196959,"punitive"
"1994","1","TRUE","4",0.68485597266916,"punitive"
"1995","1","TRUE","4",0.673249456855367,"punitive"
"1996","1","TRUE","4",0.591762719792967,"punitive"
"1997","1","TRUE","4",0.667910721590596,"punitive"
"1998","1","TRUE","4",0.537190406003148,"punitive"
"1999","1","TRUE","4",0.594074285688082,"punitive"
"2000","1","TRUE","4",0.50581257429079,"punitive"
"2001","1","TRUE","4",0.533575864736376,"punitive"
"2002","1","TRUE","4",0.500724944172702,"punitive"
"2003","1","TRUE","4",0.504559144896371,"punitive"
"2004","1","TRUE","4",0.447229122852049,"punitive"
"2005","1","TRUE","4",0.484778318346226,"punitive"
"2006","1","TRUE","4",0.48033512948515,"punitive"
"2008","1","TRUE","4",0.435959979074875,"punitive"
"2010","1","TRUE","4",0.433430229095549,"punitive"
"2012","1","TRUE","4",0.38577106618484,"punitive"
"2013","1","TRUE","4",0.521321187616039,"punitive"
"2014","1","TRUE","4",0.428828684641789,"punitive"
"1955","1","FALSE","4",0.396855348150499,"punitive"
"1956","1","FALSE","4",0.530157405427301,"punitive"
"1957","1","FALSE","4",0.406717026316881,"punitive"
"1960","1","FALSE","4",0.403939992543782,"punitive"
"1965","1","FALSE","4",0.327339302680534,"punitive"
"1966","1","FALSE","4",0.325427687860483,"punitive"
"1967","1","FALSE","4",0.40632250296069,"punitive"
"1968","1","FALSE","4",0.378017550825666,"punitive"
"1969","1","FALSE","4",0.390462207487327,"punitive"
"1970","1","FALSE","4",0.503597702721428,"punitive"
"1971","1","FALSE","4",0.36874507024649,"punitive"
"1972","1","FALSE","4",0.421125020364407,"punitive"
"1973","1","FALSE","4",0.432751629108622,"punitive"
"1974","1","FALSE","4",0.452294777877061,"punitive"
"1975","1","FALSE","4",0.477889217855727,"punitive"
"1976","1","FALSE","4",0.501828002119849,"punitive"
"1977","1","FALSE","4",0.551892879727387,"punitive"
"1978","1","FALSE","4",0.557430015461314,"punitive"
"1980","1","FALSE","4",0.560080824927338,"punitive"
"1981","1","FALSE","4",0.507671734319363,"punitive"
"1982","1","FALSE","4",0.564194914954749,"punitive"
"1983","1","FALSE","4",0.636810024931937,"punitive"
"1984","1","FALSE","4",0.561591440303797,"punitive"
"1985","1","FALSE","4",0.617246561853107,"punitive"
"1986","1","FALSE","4",0.572143114127023,"punitive"
"1987","1","FALSE","4",0.544472499494761,"punitive"
"1988","1","FALSE","4",0.598483257247032,"punitive"
"1989","1","FALSE","4",0.621472486817215,"punitive"
"1990","1","FALSE","4",0.578359953805829,"punitive"
"1991","1","FALSE","4",0.558480406389879,"punitive"
"1992","1","FALSE","4",0.473280364088005,"punitive"
"1993","1","FALSE","4",0.596618026857666,"punitive"
"1994","1","FALSE","4",0.646109173191721,"punitive"
"1995","1","FALSE","4",0.615854007697235,"punitive"
"1996","1","FALSE","4",0.52591312528318,"punitive"
"1997","1","FALSE","4",0.611385564711248,"punitive"
"1998","1","FALSE","4",0.500300758330865,"punitive"
"1999","1","FALSE","4",0.534852176085285,"punitive"
"2000","1","FALSE","4",0.445296341424832,"punitive"
"2001","1","FALSE","4",0.495721740724927,"punitive"
"2002","1","FALSE","4",0.451577107048668,"punitive"
"2003","1","FALSE","4",0.438740421366987,"punitive"
"2004","1","FALSE","4",0.414553098636911,"punitive"
"2005","1","FALSE","4",0.422829232128221,"punitive"
"2006","1","FALSE","4",0.412644140328622,"punitive"
"2008","1","FALSE","4",0.352146777007697,"punitive"
"2010","1","FALSE","4",0.41400108824205,"punitive"
"2012","1","FALSE","4",0.344415554070999,"punitive"
"2013","1","FALSE","4",0.443155149052392,"punitive"
"2014","1","FALSE","4",0.373527167430613,"punitive"
"1955","2","all","1",0.350150233361231,"punitive"
"1956","2","all","1",0.321683744305477,"punitive"
"1957","2","all","1",0.274891887810633,"punitive"
"1960","2","all","1",0.283173768728695,"punitive"
"1965","2","all","1",0.208894252721422,"punitive"
"1966","2","all","1",0.149823943193989,"punitive"
"1967","2","all","1",0.26760545994024,"punitive"
"1968","2","all","1",0.266769343266933,"punitive"
"1969","2","all","1",0.321590511120023,"punitive"
"1970","2","all","1",0.321587875737885,"punitive"
"1971","2","all","1",0.199006490993299,"punitive"
"1972","2","all","1",0.27721315003329,"punitive"
"1973","2","all","1",0.320729826095857,"punitive"
"1974","2","all","1",0.383717181693351,"punitive"
"1975","2","all","1",0.35147849438968,"punitive"
"1976","2","all","1",0.350531803996349,"punitive"
"1977","2","all","1",0.465415308704157,"punitive"
"1978","2","all","1",0.433855950344763,"punitive"
"1980","2","all","1",0.408051203431302,"punitive"
"1981","2","all","1",0.356778059562584,"punitive"
"1982","2","all","1",0.420735258653291,"punitive"
"1983","2","all","1",0.429102867085968,"punitive"
"1984","2","all","1",0.338228095899094,"punitive"
"1985","2","all","1",0.454361016527718,"punitive"
"1986","2","all","1",0.416013475166007,"punitive"
"1987","2","all","1",0.386593092681512,"punitive"
"1988","2","all","1",0.440552757027374,"punitive"
"1989","2","all","1",0.564825290984162,"punitive"
"1990","2","all","1",0.443818873352711,"punitive"
"1991","2","all","1",0.376967110649106,"punitive"
"1992","2","all","1",0.448050186153709,"punitive"
"1993","2","all","1",0.475622926748848,"punitive"
"1994","2","all","1",0.449446514765882,"punitive"
"1995","2","all","1",0.397897576201997,"punitive"
"1996","2","all","1",0.395072113666607,"punitive"
"1997","2","all","1",0.484351100924397,"punitive"
"1998","2","all","1",0.362944941769707,"punitive"
"1999","2","all","1",0.454385418149338,"punitive"
"2000","2","all","1",0.349130537200995,"punitive"
"2001","2","all","1",0.407778380050971,"punitive"
"2002","2","all","1",0.377966260248938,"punitive"
"2003","2","all","1",0.311319414099804,"punitive"
"2004","2","all","1",0.268889411219422,"punitive"
"2005","2","all","1",0.293068360965176,"punitive"
"2006","2","all","1",0.271949889889042,"punitive"
"2008","2","all","1",0.286255895826367,"punitive"
"2010","2","all","1",0.269773435701933,"punitive"
"2012","2","all","1",0.315323567890369,"punitive"
"2013","2","all","1",0.363011406653846,"punitive"
"2014","2","all","1",0.291390095947,"punitive"
"1955","2","all","4",0.226860531627974,"punitive"
"1956","2","all","4",0.269254916647206,"punitive"
"1957","2","all","4",0.22678307597249,"punitive"
"1960","2","all","4",0.225638834637855,"punitive"
"1965","2","all","4",0.154711500473421,"punitive"
"1966","2","all","4",0.186754520806472,"punitive"
"1967","2","all","4",0.257309198446495,"punitive"
"1968","2","all","4",0.244066184319113,"punitive"
"1969","2","all","4",0.270106827091704,"punitive"
"1970","2","all","4",0.321117544496034,"punitive"
"1971","2","all","4",0.197032697219862,"punitive"
"1972","2","all","4",0.257379381186318,"punitive"
"1973","2","all","4",0.256312561746864,"punitive"
"1974","2","all","4",0.295869316868117,"punitive"
"1975","2","all","4",0.320910215569777,"punitive"
"1976","2","all","4",0.296256914951762,"punitive"
"1977","2","all","4",0.380305374016646,"punitive"
"1978","2","all","4",0.428893285062828,"punitive"
"1980","2","all","4",0.370890623847054,"punitive"
"1981","2","all","4",0.323105696665907,"punitive"
"1982","2","all","4",0.390454788117685,"punitive"
"1983","2","all","4",0.412329379606658,"punitive"
"1984","2","all","4",0.368796396921803,"punitive"
"1985","2","all","4",0.505652048984425,"punitive"
"1986","2","all","4",0.421443507191921,"punitive"
"1987","2","all","4",0.410736830023564,"punitive"
"1988","2","all","4",0.418324024807622,"punitive"
"1989","2","all","4",0.503412606129663,"punitive"
"1990","2","all","4",0.445185823593132,"punitive"
"1991","2","all","4",0.417452652268418,"punitive"
"1992","2","all","4",0.357851070371083,"punitive"
"1993","2","all","4",0.447903545559009,"punitive"
"1994","2","all","4",0.469162584376472,"punitive"
"1995","2","all","4",0.428252993033479,"punitive"
"1996","2","all","4",0.406384720704845,"punitive"
"1997","2","all","4",0.450223166450714,"punitive"
"1998","2","all","4",0.408726432548913,"punitive"
"1999","2","all","4",0.346264005572226,"punitive"
"2000","2","all","4",0.351184166041077,"punitive"
"2001","2","all","4",0.372702819469467,"punitive"
"2002","2","all","4",0.311769729781908,"punitive"
"2003","2","all","4",0.33026161501575,"punitive"
"2004","2","all","4",0.275282788462594,"punitive"
"2005","2","all","4",0.289031555150769,"punitive"
"2006","2","all","4",0.289357756471691,"punitive"
"2008","2","all","4",0.262837222312416,"punitive"
"2010","2","all","4",0.272845323061451,"punitive"
"2012","2","all","4",0.2816663649678,"punitive"
"2013","2","all","4",0.286689607640873,"punitive"
"2014","2","all","4",0.258093382969922,"punitive"
